{
  "meta_title": "",
  "meta_description": "",
  "sections": [
    {
      "type": "banner-slider",
      "autoplay": 5000,
      "full_width": false,
      "slides": [
        {
          "start": "",
          "end": "",
          "img": "/img/uploads/bzzr.jpg"
        },
        {
          "start": "",
          "end": "",
          "img": "/img/uploads/banner-site-1-3.jpg"
        },
        {
          "start": "",
          "end": "",
          "img": "/img/uploads/8779c058-dda6-448f-a2c5-3c279cf98829.jfif"
        }
      ]
    },
    {
      "type": "info-bar",
      "enabled": true
    },
    {
      "type": "brands-carousel",
      "limit": 24,
      "offset": 0
    },
    {
      "type": "dynamic-showcase",
      "load_more": true,
      "sort": "news"
    },
    {
      "type": "collection-shelf",
      "shuffle": false,
      "limit": 12,
      "page": 1,
      "collection_id": "6228bbda8bd0103c54e882eb:categories:Tenis:/tenis",
      "sort": "news"
    },
    {
      "type": "collection-shelf",
      "shuffle": false,
      "limit": 12,
      "page": 1,
      "collection_id": "6228bc168bd0103c54e88364:categories:Bazzar:/bazzar",
      "sort": "news"
    },
    {
      "type": "collection-shelf",
      "shuffle": false,
      "limit": 12,
      "page": 1,
      "collection_id": "626c25c93da6d37bc2153baf:categories:SNKRS:/snkrs",
      "sort": "views"
    },
    {
      "type": "page-title",
      "title": "Loja da E-Com Plus",
      "description": ""
    }
  ]
}